[30.116622, -97.768810000000002]	[30.12630458974359, -97.768810000000002]	[30.135987179487181, -97.768810000000002]	[30.145669769230768, -97.768810000000002]	[30.155352358974358, -97.768810000000002]	[30.165034948717949, -97.768810000000002]	[30.17471753846154, -97.768810000000002]	[30.184400128205127, -97.768810000000002]	[30.194082717948717, -97.768810000000002]	[30.203765307692308, -97.768810000000002]	[30.213447897435898, -97.768810000000002]	[30.223130487179485, -97.768810000000002]	[30.232813076923076, -97.768810000000002]	[30.242495666666667, -97.768810000000002]	[30.252178256410257, -97.768810000000002]	[30.261860846153848, -97.768810000000002]	[30.271543435897435, -97.768810000000002]	[30.281226025641026, -97.768810000000002]	[30.290908615384616, -97.768810000000002]	[30.300591205128207, -97.768810000000002]	[30.310273794871794, -97.768810000000002]	[30.319956384615384, -97.768810000000002]	[30.329638974358975, -97.768810000000002]	[30.339321564102566, -97.768810000000002]	[30.349004153846153, -97.768810000000002]	[30.358686743589743, -97.768810000000002]	[30.368369333333334, -97.768810000000002]	[30.378051923076924, -97.768810000000002]	[30.387734512820515, -97.768810000000002]	[30.397417102564102, -97.768810000000002]	[30.407099692307693, -97.768810000000002]	[30.416782282051283, -97.768810000000002]	[30.426464871794874, -97.768810000000002]	[30.436147461538461, -97.768810000000002]	[30.445830051282051, -97.768810000000002]	[30.455512641025642, -97.768810000000002]	[30.465195230769233, -97.768810000000002]	[30.47487782051282, -97.768810000000002]	[30.48456041025641, -97.768810000000002]	[30.494243000000001, -97.768810000000002]
[30.116622, -97.760147717948726]	[30.12630458974359, -97.760147717948726]	[30.135987179487181, -97.760147717948726]	[30.145669769230768, -97.760147717948726]	[30.155352358974358, -97.760147717948726]	[30.165034948717949, -97.760147717948726]	[30.17471753846154, -97.760147717948726]	[30.184400128205127, -97.760147717948726]	[30.194082717948717, -97.760147717948726]	[30.203765307692308, -97.760147717948726]	[30.213447897435898, -97.760147717948726]	[30.223130487179485, -97.760147717948726]	[30.232813076923076, -97.760147717948726]	[30.242495666666667, -97.760147717948726]	[30.252178256410257, -97.760147717948726]	[30.261860846153848, -97.760147717948726]	[30.271543435897435, -97.760147717948726]	[30.281226025641026, -97.760147717948726]	[30.290908615384616, -97.760147717948726]	[30.300591205128207, -97.760147717948726]	[30.310273794871794, -97.760147717948726]	[30.319956384615384, -97.760147717948726]	[30.329638974358975, -97.760147717948726]	[30.339321564102566, -97.760147717948726]	[30.349004153846153, -97.760147717948726]	[30.358686743589743, -97.760147717948726]	[30.368369333333334, -97.760147717948726]	[30.378051923076924, -97.760147717948726]	[30.387734512820515, -97.760147717948726]	[30.397417102564102, -97.760147717948726]	[30.407099692307693, -97.760147717948726]	[30.416782282051283, -97.760147717948726]	[30.426464871794874, -97.760147717948726]	[30.436147461538461, -97.760147717948726]	[30.445830051282051, -97.760147717948726]	[30.455512641025642, -97.760147717948726]	[30.465195230769233, -97.760147717948726]	[30.47487782051282, -97.760147717948726]	[30.48456041025641, -97.760147717948726]	[30.494243000000001, -97.760147717948726]
[30.116622, -97.751485435897436]	[30.12630458974359, -97.751485435897436]	[30.135987179487181, -97.751485435897436]	[30.145669769230768, -97.751485435897436]	[30.155352358974358, -97.751485435897436]	[30.165034948717949, -97.751485435897436]	[30.17471753846154, -97.751485435897436]	[30.184400128205127, -97.751485435897436]	[30.194082717948717, -97.751485435897436]	[30.203765307692308, -97.751485435897436]	[30.213447897435898, -97.751485435897436]	[30.223130487179485, -97.751485435897436]	[30.232813076923076, -97.751485435897436]	[30.242495666666667, -97.751485435897436]	[30.252178256410257, -97.751485435897436]	[30.261860846153848, -97.751485435897436]	[30.271543435897435, -97.751485435897436]	[30.281226025641026, -97.751485435897436]	[30.290908615384616, -97.751485435897436]	[30.300591205128207, -97.751485435897436]	[30.310273794871794, -97.751485435897436]	[30.319956384615384, -97.751485435897436]	[30.329638974358975, -97.751485435897436]	[30.339321564102566, -97.751485435897436]	[30.349004153846153, -97.751485435897436]	[30.358686743589743, -97.751485435897436]	[30.368369333333334, -97.751485435897436]	[30.378051923076924, -97.751485435897436]	[30.387734512820515, -97.751485435897436]	[30.397417102564102, -97.751485435897436]	[30.407099692307693, -97.751485435897436]	[30.416782282051283, -97.751485435897436]	[30.426464871794874, -97.751485435897436]	[30.436147461538461, -97.751485435897436]	[30.445830051282051, -97.751485435897436]	[30.455512641025642, -97.751485435897436]	[30.465195230769233, -97.751485435897436]	[30.47487782051282, -97.751485435897436]	[30.48456041025641, -97.751485435897436]	[30.494243000000001, -97.751485435897436]
[30.116622, -97.74282315384616]	[30.12630458974359, -97.74282315384616]	[30.135987179487181, -97.74282315384616]	[30.145669769230768, -97.74282315384616]	[30.155352358974358, -97.74282315384616]	[30.165034948717949, -97.74282315384616]	[30.17471753846154, -97.74282315384616]	[30.184400128205127, -97.74282315384616]	[30.194082717948717, -97.74282315384616]	[30.203765307692308, -97.74282315384616]	[30.213447897435898, -97.74282315384616]	[30.223130487179485, -97.74282315384616]	[30.232813076923076, -97.74282315384616]	[30.242495666666667, -97.74282315384616]	[30.252178256410257, -97.74282315384616]	[30.261860846153848, -97.74282315384616]	[30.271543435897435, -97.74282315384616]	[30.281226025641026, -97.74282315384616]	[30.290908615384616, -97.74282315384616]	[30.300591205128207, -97.74282315384616]	[30.310273794871794, -97.74282315384616]	[30.319956384615384, -97.74282315384616]	[30.329638974358975, -97.74282315384616]	[30.339321564102566, -97.74282315384616]	[30.349004153846153, -97.74282315384616]	[30.358686743589743, -97.74282315384616]	[30.368369333333334, -97.74282315384616]	[30.378051923076924, -97.74282315384616]	[30.387734512820515, -97.74282315384616]	[30.397417102564102, -97.74282315384616]	[30.407099692307693, -97.74282315384616]	[30.416782282051283, -97.74282315384616]	[30.426464871794874, -97.74282315384616]	[30.436147461538461, -97.74282315384616]	[30.445830051282051, -97.74282315384616]	[30.455512641025642, -97.74282315384616]	[30.465195230769233, -97.74282315384616]	[30.47487782051282, -97.74282315384616]	[30.48456041025641, -97.74282315384616]	[30.494243000000001, -97.74282315384616]
[30.116622, -97.73416087179487]	[30.12630458974359, -97.73416087179487]	[30.135987179487181, -97.73416087179487]	[30.145669769230768, -97.73416087179487]	[30.155352358974358, -97.73416087179487]	[30.165034948717949, -97.73416087179487]	[30.17471753846154, -97.73416087179487]	[30.184400128205127, -97.73416087179487]	[30.194082717948717, -97.73416087179487]	[30.203765307692308, -97.73416087179487]	[30.213447897435898, -97.73416087179487]	[30.223130487179485, -97.73416087179487]	[30.232813076923076, -97.73416087179487]	[30.242495666666667, -97.73416087179487]	[30.252178256410257, -97.73416087179487]	[30.261860846153848, -97.73416087179487]	[30.271543435897435, -97.73416087179487]	[30.281226025641026, -97.73416087179487]	[30.290908615384616, -97.73416087179487]	[30.300591205128207, -97.73416087179487]	[30.310273794871794, -97.73416087179487]	[30.319956384615384, -97.73416087179487]	[30.329638974358975, -97.73416087179487]	[30.339321564102566, -97.73416087179487]	[30.349004153846153, -97.73416087179487]	[30.358686743589743, -97.73416087179487]	[30.368369333333334, -97.73416087179487]	[30.378051923076924, -97.73416087179487]	[30.387734512820515, -97.73416087179487]	[30.397417102564102, -97.73416087179487]	[30.407099692307693, -97.73416087179487]	[30.416782282051283, -97.73416087179487]	[30.426464871794874, -97.73416087179487]	[30.436147461538461, -97.73416087179487]	[30.445830051282051, -97.73416087179487]	[30.455512641025642, -97.73416087179487]	[30.465195230769233, -97.73416087179487]	[30.47487782051282, -97.73416087179487]	[30.48456041025641, -97.73416087179487]	[30.494243000000001, -97.73416087179487]
[30.116622, -97.725498589743594]	[30.12630458974359, -97.725498589743594]	[30.135987179487181, -97.725498589743594]	[30.145669769230768, -97.725498589743594]	[30.155352358974358, -97.725498589743594]	[30.165034948717949, -97.725498589743594]	[30.17471753846154, -97.725498589743594]	[30.184400128205127, -97.725498589743594]	[30.194082717948717, -97.725498589743594]	[30.203765307692308, -97.725498589743594]	[30.213447897435898, -97.725498589743594]	[30.223130487179485, -97.725498589743594]	[30.232813076923076, -97.725498589743594]	[30.242495666666667, -97.725498589743594]	[30.252178256410257, -97.725498589743594]	[30.261860846153848, -97.725498589743594]	[30.271543435897435, -97.725498589743594]	[30.281226025641026, -97.725498589743594]	[30.290908615384616, -97.725498589743594]	[30.300591205128207, -97.725498589743594]	[30.310273794871794, -97.725498589743594]	[30.319956384615384, -97.725498589743594]	[30.329638974358975, -97.725498589743594]	[30.339321564102566, -97.725498589743594]	[30.349004153846153, -97.725498589743594]	[30.358686743589743, -97.725498589743594]	[30.368369333333334, -97.725498589743594]	[30.378051923076924, -97.725498589743594]	[30.387734512820515, -97.725498589743594]	[30.397417102564102, -97.725498589743594]	[30.407099692307693, -97.725498589743594]	[30.416782282051283, -97.725498589743594]	[30.426464871794874, -97.725498589743594]	[30.436147461538461, -97.725498589743594]	[30.445830051282051, -97.725498589743594]	[30.455512641025642, -97.725498589743594]	[30.465195230769233, -97.725498589743594]	[30.47487782051282, -97.725498589743594]	[30.48456041025641, -97.725498589743594]	[30.494243000000001, -97.725498589743594]
[30.116622, -97.716836307692304]	[30.12630458974359, -97.716836307692304]	[30.135987179487181, -97.716836307692304]	[30.145669769230768, -97.716836307692304]	[30.155352358974358, -97.716836307692304]	[30.165034948717949, -97.716836307692304]	[30.17471753846154, -97.716836307692304]	[30.184400128205127, -97.716836307692304]	[30.194082717948717, -97.716836307692304]	[30.203765307692308, -97.716836307692304]	[30.213447897435898, -97.716836307692304]	[30.223130487179485, -97.716836307692304]	[30.232813076923076, -97.716836307692304]	[30.242495666666667, -97.716836307692304]	[30.252178256410257, -97.716836307692304]	[30.261860846153848, -97.716836307692304]	[30.271543435897435, -97.716836307692304]	[30.281226025641026, -97.716836307692304]	[30.290908615384616, -97.716836307692304]	[30.300591205128207, -97.716836307692304]	[30.310273794871794, -97.716836307692304]	[30.319956384615384, -97.716836307692304]	[30.329638974358975, -97.716836307692304]	[30.339321564102566, -97.716836307692304]	[30.349004153846153, -97.716836307692304]	[30.358686743589743, -97.716836307692304]	[30.368369333333334, -97.716836307692304]	[30.378051923076924, -97.716836307692304]	[30.387734512820515, -97.716836307692304]	[30.397417102564102, -97.716836307692304]	[30.407099692307693, -97.716836307692304]	[30.416782282051283, -97.716836307692304]	[30.426464871794874, -97.716836307692304]	[30.436147461538461, -97.716836307692304]	[30.445830051282051, -97.716836307692304]	[30.455512641025642, -97.716836307692304]	[30.465195230769233, -97.716836307692304]	[30.47487782051282, -97.716836307692304]	[30.48456041025641, -97.716836307692304]	[30.494243000000001, -97.716836307692304]
[30.116622, -97.708174025641028]	[30.12630458974359, -97.708174025641028]	[30.135987179487181, -97.708174025641028]	[30.145669769230768, -97.708174025641028]	[30.155352358974358, -97.708174025641028]	[30.165034948717949, -97.708174025641028]	[30.17471753846154, -97.708174025641028]	[30.184400128205127, -97.708174025641028]	[30.194082717948717, -97.708174025641028]	[30.203765307692308, -97.708174025641028]	[30.213447897435898, -97.708174025641028]	[30.223130487179485, -97.708174025641028]	[30.232813076923076, -97.708174025641028]	[30.242495666666667, -97.708174025641028]	[30.252178256410257, -97.708174025641028]	[30.261860846153848, -97.708174025641028]	[30.271543435897435, -97.708174025641028]	[30.281226025641026, -97.708174025641028]	[30.290908615384616, -97.708174025641028]	[30.300591205128207, -97.708174025641028]	[30.310273794871794, -97.708174025641028]	[30.319956384615384, -97.708174025641028]	[30.329638974358975, -97.708174025641028]	[30.339321564102566, -97.708174025641028]	[30.349004153846153, -97.708174025641028]	[30.358686743589743, -97.708174025641028]	[30.368369333333334, -97.708174025641028]	[30.378051923076924, -97.708174025641028]	[30.387734512820515, -97.708174025641028]	[30.397417102564102, -97.708174025641028]	[30.407099692307693, -97.708174025641028]	[30.416782282051283, -97.708174025641028]	[30.426464871794874, -97.708174025641028]	[30.436147461538461, -97.708174025641028]	[30.445830051282051, -97.708174025641028]	[30.455512641025642, -97.708174025641028]	[30.465195230769233, -97.708174025641028]	[30.47487782051282, -97.708174025641028]	[30.48456041025641, -97.708174025641028]	[30.494243000000001, -97.708174025641028]
[30.116622, -97.699511743589753]	[30.12630458974359, -97.699511743589753]	[30.135987179487181, -97.699511743589753]	[30.145669769230768, -97.699511743589753]	[30.155352358974358, -97.699511743589753]	[30.165034948717949, -97.699511743589753]	[30.17471753846154, -97.699511743589753]	[30.184400128205127, -97.699511743589753]	[30.194082717948717, -97.699511743589753]	[30.203765307692308, -97.699511743589753]	[30.213447897435898, -97.699511743589753]	[30.223130487179485, -97.699511743589753]	[30.232813076923076, -97.699511743589753]	[30.242495666666667, -97.699511743589753]	[30.252178256410257, -97.699511743589753]	[30.261860846153848, -97.699511743589753]	[30.271543435897435, -97.699511743589753]	[30.281226025641026, -97.699511743589753]	[30.290908615384616, -97.699511743589753]	[30.300591205128207, -97.699511743589753]	[30.310273794871794, -97.699511743589753]	[30.319956384615384, -97.699511743589753]	[30.329638974358975, -97.699511743589753]	[30.339321564102566, -97.699511743589753]	[30.349004153846153, -97.699511743589753]	[30.358686743589743, -97.699511743589753]	[30.368369333333334, -97.699511743589753]	[30.378051923076924, -97.699511743589753]	[30.387734512820515, -97.699511743589753]	[30.397417102564102, -97.699511743589753]	[30.407099692307693, -97.699511743589753]	[30.416782282051283, -97.699511743589753]	[30.426464871794874, -97.699511743589753]	[30.436147461538461, -97.699511743589753]	[30.445830051282051, -97.699511743589753]	[30.455512641025642, -97.699511743589753]	[30.465195230769233, -97.699511743589753]	[30.47487782051282, -97.699511743589753]	[30.48456041025641, -97.699511743589753]	[30.494243000000001, -97.699511743589753]
[30.116622, -97.690849461538463]	[30.12630458974359, -97.690849461538463]	[30.135987179487181, -97.690849461538463]	[30.145669769230768, -97.690849461538463]	[30.155352358974358, -97.690849461538463]	[30.165034948717949, -97.690849461538463]	[30.17471753846154, -97.690849461538463]	[30.184400128205127, -97.690849461538463]	[30.194082717948717, -97.690849461538463]	[30.203765307692308, -97.690849461538463]	[30.213447897435898, -97.690849461538463]	[30.223130487179485, -97.690849461538463]	[30.232813076923076, -97.690849461538463]	[30.242495666666667, -97.690849461538463]	[30.252178256410257, -97.690849461538463]	[30.261860846153848, -97.690849461538463]	[30.271543435897435, -97.690849461538463]	[30.281226025641026, -97.690849461538463]	[30.290908615384616, -97.690849461538463]	[30.300591205128207, -97.690849461538463]	[30.310273794871794, -97.690849461538463]	[30.319956384615384, -97.690849461538463]	[30.329638974358975, -97.690849461538463]	[30.339321564102566, -97.690849461538463]	[30.349004153846153, -97.690849461538463]	[30.358686743589743, -97.690849461538463]	[30.368369333333334, -97.690849461538463]	[30.378051923076924, -97.690849461538463]	[30.387734512820515, -97.690849461538463]	[30.397417102564102, -97.690849461538463]	[30.407099692307693, -97.690849461538463]	[30.416782282051283, -97.690849461538463]	[30.426464871794874, -97.690849461538463]	[30.436147461538461, -97.690849461538463]	[30.445830051282051, -97.690849461538463]	[30.455512641025642, -97.690849461538463]	[30.465195230769233, -97.690849461538463]	[30.47487782051282, -97.690849461538463]	[30.48456041025641, -97.690849461538463]	[30.494243000000001, -97.690849461538463]
[30.116622, -97.682187179487187]	[30.12630458974359, -97.682187179487187]	[30.135987179487181, -97.682187179487187]	[30.145669769230768, -97.682187179487187]	[30.155352358974358, -97.682187179487187]	[30.165034948717949, -97.682187179487187]	[30.17471753846154, -97.682187179487187]	[30.184400128205127, -97.682187179487187]	[30.194082717948717, -97.682187179487187]	[30.203765307692308, -97.682187179487187]	[30.213447897435898, -97.682187179487187]	[30.223130487179485, -97.682187179487187]	[30.232813076923076, -97.682187179487187]	[30.242495666666667, -97.682187179487187]	[30.252178256410257, -97.682187179487187]	[30.261860846153848, -97.682187179487187]	[30.271543435897435, -97.682187179487187]	[30.281226025641026, -97.682187179487187]	[30.290908615384616, -97.682187179487187]	[30.300591205128207, -97.682187179487187]	[30.310273794871794, -97.682187179487187]	[30.319956384615384, -97.682187179487187]	[30.329638974358975, -97.682187179487187]	[30.339321564102566, -97.682187179487187]	[30.349004153846153, -97.682187179487187]	[30.358686743589743, -97.682187179487187]	[30.368369333333334, -97.682187179487187]	[30.378051923076924, -97.682187179487187]	[30.387734512820515, -97.682187179487187]	[30.397417102564102, -97.682187179487187]	[30.407099692307693, -97.682187179487187]	[30.416782282051283, -97.682187179487187]	[30.426464871794874, -97.682187179487187]	[30.436147461538461, -97.682187179487187]	[30.445830051282051, -97.682187179487187]	[30.455512641025642, -97.682187179487187]	[30.465195230769233, -97.682187179487187]	[30.47487782051282, -97.682187179487187]	[30.48456041025641, -97.682187179487187]	[30.494243000000001, -97.682187179487187]
[30.116622, -97.673524897435897]	[30.12630458974359, -97.673524897435897]	[30.135987179487181, -97.673524897435897]	[30.145669769230768, -97.673524897435897]	[30.155352358974358, -97.673524897435897]	[30.165034948717949, -97.673524897435897]	[30.17471753846154, -97.673524897435897]	[30.184400128205127, -97.673524897435897]	[30.194082717948717, -97.673524897435897]	[30.203765307692308, -97.673524897435897]	[30.213447897435898, -97.673524897435897]	[30.223130487179485, -97.673524897435897]	[30.232813076923076, -97.673524897435897]	[30.242495666666667, -97.673524897435897]	[30.252178256410257, -97.673524897435897]	[30.261860846153848, -97.673524897435897]	[30.271543435897435, -97.673524897435897]	[30.281226025641026, -97.673524897435897]	[30.290908615384616, -97.673524897435897]	[30.300591205128207, -97.673524897435897]	[30.310273794871794, -97.673524897435897]	[30.319956384615384, -97.673524897435897]	[30.329638974358975, -97.673524897435897]	[30.339321564102566, -97.673524897435897]	[30.349004153846153, -97.673524897435897]	[30.358686743589743, -97.673524897435897]	[30.368369333333334, -97.673524897435897]	[30.378051923076924, -97.673524897435897]	[30.387734512820515, -97.673524897435897]	[30.397417102564102, -97.673524897435897]	[30.407099692307693, -97.673524897435897]	[30.416782282051283, -97.673524897435897]	[30.426464871794874, -97.673524897435897]	[30.436147461538461, -97.673524897435897]	[30.445830051282051, -97.673524897435897]	[30.455512641025642, -97.673524897435897]	[30.465195230769233, -97.673524897435897]	[30.47487782051282, -97.673524897435897]	[30.48456041025641, -97.673524897435897]	[30.494243000000001, -97.673524897435897]
[30.116622, -97.664862615384621]	[30.12630458974359, -97.664862615384621]	[30.135987179487181, -97.664862615384621]	[30.145669769230768, -97.664862615384621]	[30.155352358974358, -97.664862615384621]	[30.165034948717949, -97.664862615384621]	[30.17471753846154, -97.664862615384621]	[30.184400128205127, -97.664862615384621]	[30.194082717948717, -97.664862615384621]	[30.203765307692308, -97.664862615384621]	[30.213447897435898, -97.664862615384621]	[30.223130487179485, -97.664862615384621]	[30.232813076923076, -97.664862615384621]	[30.242495666666667, -97.664862615384621]	[30.252178256410257, -97.664862615384621]	[30.261860846153848, -97.664862615384621]	[30.271543435897435, -97.664862615384621]	[30.281226025641026, -97.664862615384621]	[30.290908615384616, -97.664862615384621]	[30.300591205128207, -97.664862615384621]	[30.310273794871794, -97.664862615384621]	[30.319956384615384, -97.664862615384621]	[30.329638974358975, -97.664862615384621]	[30.339321564102566, -97.664862615384621]	[30.349004153846153, -97.664862615384621]	[30.358686743589743, -97.664862615384621]	[30.368369333333334, -97.664862615384621]	[30.378051923076924, -97.664862615384621]	[30.387734512820515, -97.664862615384621]	[30.397417102564102, -97.664862615384621]	[30.407099692307693, -97.664862615384621]	[30.416782282051283, -97.664862615384621]	[30.426464871794874, -97.664862615384621]	[30.436147461538461, -97.664862615384621]	[30.445830051282051, -97.664862615384621]	[30.455512641025642, -97.664862615384621]	[30.465195230769233, -97.664862615384621]	[30.47487782051282, -97.664862615384621]	[30.48456041025641, -97.664862615384621]	[30.494243000000001, -97.664862615384621]
[30.116622, -97.656200333333331]	[30.12630458974359, -97.656200333333331]	[30.135987179487181, -97.656200333333331]	[30.145669769230768, -97.656200333333331]	[30.155352358974358, -97.656200333333331]	[30.165034948717949, -97.656200333333331]	[30.17471753846154, -97.656200333333331]	[30.184400128205127, -97.656200333333331]	[30.194082717948717, -97.656200333333331]	[30.203765307692308, -97.656200333333331]	[30.213447897435898, -97.656200333333331]	[30.223130487179485, -97.656200333333331]	[30.232813076923076, -97.656200333333331]	[30.242495666666667, -97.656200333333331]	[30.252178256410257, -97.656200333333331]	[30.261860846153848, -97.656200333333331]	[30.271543435897435, -97.656200333333331]	[30.281226025641026, -97.656200333333331]	[30.290908615384616, -97.656200333333331]	[30.300591205128207, -97.656200333333331]	[30.310273794871794, -97.656200333333331]	[30.319956384615384, -97.656200333333331]	[30.329638974358975, -97.656200333333331]	[30.339321564102566, -97.656200333333331]	[30.349004153846153, -97.656200333333331]	[30.358686743589743, -97.656200333333331]	[30.368369333333334, -97.656200333333331]	[30.378051923076924, -97.656200333333331]	[30.387734512820515, -97.656200333333331]	[30.397417102564102, -97.656200333333331]	[30.407099692307693, -97.656200333333331]	[30.416782282051283, -97.656200333333331]	[30.426464871794874, -97.656200333333331]	[30.436147461538461, -97.656200333333331]	[30.445830051282051, -97.656200333333331]	[30.455512641025642, -97.656200333333331]	[30.465195230769233, -97.656200333333331]	[30.47487782051282, -97.656200333333331]	[30.48456041025641, -97.656200333333331]	[30.494243000000001, -97.656200333333331]
[30.116622, -97.647538051282055]	[30.12630458974359, -97.647538051282055]	[30.135987179487181, -97.647538051282055]	[30.145669769230768, -97.647538051282055]	[30.155352358974358, -97.647538051282055]	[30.165034948717949, -97.647538051282055]	[30.17471753846154, -97.647538051282055]	[30.184400128205127, -97.647538051282055]	[30.194082717948717, -97.647538051282055]	[30.203765307692308, -97.647538051282055]	[30.213447897435898, -97.647538051282055]	[30.223130487179485, -97.647538051282055]	[30.232813076923076, -97.647538051282055]	[30.242495666666667, -97.647538051282055]	[30.252178256410257, -97.647538051282055]	[30.261860846153848, -97.647538051282055]	[30.271543435897435, -97.647538051282055]	[30.281226025641026, -97.647538051282055]	[30.290908615384616, -97.647538051282055]	[30.300591205128207, -97.647538051282055]	[30.310273794871794, -97.647538051282055]	[30.319956384615384, -97.647538051282055]	[30.329638974358975, -97.647538051282055]	[30.339321564102566, -97.647538051282055]	[30.349004153846153, -97.647538051282055]	[30.358686743589743, -97.647538051282055]	[30.368369333333334, -97.647538051282055]	[30.378051923076924, -97.647538051282055]	[30.387734512820515, -97.647538051282055]	[30.397417102564102, -97.647538051282055]	[30.407099692307693, -97.647538051282055]	[30.416782282051283, -97.647538051282055]	[30.426464871794874, -97.647538051282055]	[30.436147461538461, -97.647538051282055]	[30.445830051282051, -97.647538051282055]	[30.455512641025642, -97.647538051282055]	[30.465195230769233, -97.647538051282055]	[30.47487782051282, -97.647538051282055]	[30.48456041025641, -97.647538051282055]	[30.494243000000001, -97.647538051282055]
[30.116622, -97.638875769230765]	[30.12630458974359, -97.638875769230765]	[30.135987179487181, -97.638875769230765]	[30.145669769230768, -97.638875769230765]	[30.155352358974358, -97.638875769230765]	[30.165034948717949, -97.638875769230765]	[30.17471753846154, -97.638875769230765]	[30.184400128205127, -97.638875769230765]	[30.194082717948717, -97.638875769230765]	[30.203765307692308, -97.638875769230765]	[30.213447897435898, -97.638875769230765]	[30.223130487179485, -97.638875769230765]	[30.232813076923076, -97.638875769230765]	[30.242495666666667, -97.638875769230765]	[30.252178256410257, -97.638875769230765]	[30.261860846153848, -97.638875769230765]	[30.271543435897435, -97.638875769230765]	[30.281226025641026, -97.638875769230765]	[30.290908615384616, -97.638875769230765]	[30.300591205128207, -97.638875769230765]	[30.310273794871794, -97.638875769230765]	[30.319956384615384, -97.638875769230765]	[30.329638974358975, -97.638875769230765]	[30.339321564102566, -97.638875769230765]	[30.349004153846153, -97.638875769230765]	[30.358686743589743, -97.638875769230765]	[30.368369333333334, -97.638875769230765]	[30.378051923076924, -97.638875769230765]	[30.387734512820515, -97.638875769230765]	[30.397417102564102, -97.638875769230765]	[30.407099692307693, -97.638875769230765]	[30.416782282051283, -97.638875769230765]	[30.426464871794874, -97.638875769230765]	[30.436147461538461, -97.638875769230765]	[30.445830051282051, -97.638875769230765]	[30.455512641025642, -97.638875769230765]	[30.465195230769233, -97.638875769230765]	[30.47487782051282, -97.638875769230765]	[30.48456041025641, -97.638875769230765]	[30.494243000000001, -97.638875769230765]
[30.116622, -97.630213487179489]	[30.12630458974359, -97.630213487179489]	[30.135987179487181, -97.630213487179489]	[30.145669769230768, -97.630213487179489]	[30.155352358974358, -97.630213487179489]	[30.165034948717949, -97.630213487179489]	[30.17471753846154, -97.630213487179489]	[30.184400128205127, -97.630213487179489]	[30.194082717948717, -97.630213487179489]	[30.203765307692308, -97.630213487179489]	[30.213447897435898, -97.630213487179489]	[30.223130487179485, -97.630213487179489]	[30.232813076923076, -97.630213487179489]	[30.242495666666667, -97.630213487179489]	[30.252178256410257, -97.630213487179489]	[30.261860846153848, -97.630213487179489]	[30.271543435897435, -97.630213487179489]	[30.281226025641026, -97.630213487179489]	[30.290908615384616, -97.630213487179489]	[30.300591205128207, -97.630213487179489]	[30.310273794871794, -97.630213487179489]	[30.319956384615384, -97.630213487179489]	[30.329638974358975, -97.630213487179489]	[30.339321564102566, -97.630213487179489]	[30.349004153846153, -97.630213487179489]	[30.358686743589743, -97.630213487179489]	[30.368369333333334, -97.630213487179489]	[30.378051923076924, -97.630213487179489]	[30.387734512820515, -97.630213487179489]	[30.397417102564102, -97.630213487179489]	[30.407099692307693, -97.630213487179489]	[30.416782282051283, -97.630213487179489]	[30.426464871794874, -97.630213487179489]	[30.436147461538461, -97.630213487179489]	[30.445830051282051, -97.630213487179489]	[30.455512641025642, -97.630213487179489]	[30.465195230769233, -97.630213487179489]	[30.47487782051282, -97.630213487179489]	[30.48456041025641, -97.630213487179489]	[30.494243000000001, -97.630213487179489]
[30.116622, -97.621551205128213]	[30.12630458974359, -97.621551205128213]	[30.135987179487181, -97.621551205128213]	[30.145669769230768, -97.621551205128213]	[30.155352358974358, -97.621551205128213]	[30.165034948717949, -97.621551205128213]	[30.17471753846154, -97.621551205128213]	[30.184400128205127, -97.621551205128213]	[30.194082717948717, -97.621551205128213]	[30.203765307692308, -97.621551205128213]	[30.213447897435898, -97.621551205128213]	[30.223130487179485, -97.621551205128213]	[30.232813076923076, -97.621551205128213]	[30.242495666666667, -97.621551205128213]	[30.252178256410257, -97.621551205128213]	[30.261860846153848, -97.621551205128213]	[30.271543435897435, -97.621551205128213]	[30.281226025641026, -97.621551205128213]	[30.290908615384616, -97.621551205128213]	[30.300591205128207, -97.621551205128213]	[30.310273794871794, -97.621551205128213]	[30.319956384615384, -97.621551205128213]	[30.329638974358975, -97.621551205128213]	[30.339321564102566, -97.621551205128213]	[30.349004153846153, -97.621551205128213]	[30.358686743589743, -97.621551205128213]	[30.368369333333334, -97.621551205128213]	[30.378051923076924, -97.621551205128213]	[30.387734512820515, -97.621551205128213]	[30.397417102564102, -97.621551205128213]	[30.407099692307693, -97.621551205128213]	[30.416782282051283, -97.621551205128213]	[30.426464871794874, -97.621551205128213]	[30.436147461538461, -97.621551205128213]	[30.445830051282051, -97.621551205128213]	[30.455512641025642, -97.621551205128213]	[30.465195230769233, -97.621551205128213]	[30.47487782051282, -97.621551205128213]	[30.48456041025641, -97.621551205128213]	[30.494243000000001, -97.621551205128213]
[30.116622, -97.612888923076923]	[30.12630458974359, -97.612888923076923]	[30.135987179487181, -97.612888923076923]	[30.145669769230768, -97.612888923076923]	[30.155352358974358, -97.612888923076923]	[30.165034948717949, -97.612888923076923]	[30.17471753846154, -97.612888923076923]	[30.184400128205127, -97.612888923076923]	[30.194082717948717, -97.612888923076923]	[30.203765307692308, -97.612888923076923]	[30.213447897435898, -97.612888923076923]	[30.223130487179485, -97.612888923076923]	[30.232813076923076, -97.612888923076923]	[30.242495666666667, -97.612888923076923]	[30.252178256410257, -97.612888923076923]	[30.261860846153848, -97.612888923076923]	[30.271543435897435, -97.612888923076923]	[30.281226025641026, -97.612888923076923]	[30.290908615384616, -97.612888923076923]	[30.300591205128207, -97.612888923076923]	[30.310273794871794, -97.612888923076923]	[30.319956384615384, -97.612888923076923]	[30.329638974358975, -97.612888923076923]	[30.339321564102566, -97.612888923076923]	[30.349004153846153, -97.612888923076923]	[30.358686743589743, -97.612888923076923]	[30.368369333333334, -97.612888923076923]	[30.378051923076924, -97.612888923076923]	[30.387734512820515, -97.612888923076923]	[30.397417102564102, -97.612888923076923]	[30.407099692307693, -97.612888923076923]	[30.416782282051283, -97.612888923076923]	[30.426464871794874, -97.612888923076923]	[30.436147461538461, -97.612888923076923]	[30.445830051282051, -97.612888923076923]	[30.455512641025642, -97.612888923076923]	[30.465195230769233, -97.612888923076923]	[30.47487782051282, -97.612888923076923]	[30.48456041025641, -97.612888923076923]	[30.494243000000001, -97.612888923076923]
[30.116622, -97.604226641025647]	[30.12630458974359, -97.604226641025647]	[30.135987179487181, -97.604226641025647]	[30.145669769230768, -97.604226641025647]	[30.155352358974358, -97.604226641025647]	[30.165034948717949, -97.604226641025647]	[30.17471753846154, -97.604226641025647]	[30.184400128205127, -97.604226641025647]	[30.194082717948717, -97.604226641025647]	[30.203765307692308, -97.604226641025647]	[30.213447897435898, -97.604226641025647]	[30.223130487179485, -97.604226641025647]	[30.232813076923076, -97.604226641025647]	[30.242495666666667, -97.604226641025647]	[30.252178256410257, -97.604226641025647]	[30.261860846153848, -97.604226641025647]	[30.271543435897435, -97.604226641025647]	[30.281226025641026, -97.604226641025647]	[30.290908615384616, -97.604226641025647]	[30.300591205128207, -97.604226641025647]	[30.310273794871794, -97.604226641025647]	[30.319956384615384, -97.604226641025647]	[30.329638974358975, -97.604226641025647]	[30.339321564102566, -97.604226641025647]	[30.349004153846153, -97.604226641025647]	[30.358686743589743, -97.604226641025647]	[30.368369333333334, -97.604226641025647]	[30.378051923076924, -97.604226641025647]	[30.387734512820515, -97.604226641025647]	[30.397417102564102, -97.604226641025647]	[30.407099692307693, -97.604226641025647]	[30.416782282051283, -97.604226641025647]	[30.426464871794874, -97.604226641025647]	[30.436147461538461, -97.604226641025647]	[30.445830051282051, -97.604226641025647]	[30.455512641025642, -97.604226641025647]	[30.465195230769233, -97.604226641025647]	[30.47487782051282, -97.604226641025647]	[30.48456041025641, -97.604226641025647]	[30.494243000000001, -97.604226641025647]
[30.116622, -97.595564358974357]	[30.12630458974359, -97.595564358974357]	[30.135987179487181, -97.595564358974357]	[30.145669769230768, -97.595564358974357]	[30.155352358974358, -97.595564358974357]	[30.165034948717949, -97.595564358974357]	[30.17471753846154, -97.595564358974357]	[30.184400128205127, -97.595564358974357]	[30.194082717948717, -97.595564358974357]	[30.203765307692308, -97.595564358974357]	[30.213447897435898, -97.595564358974357]	[30.223130487179485, -97.595564358974357]	[30.232813076923076, -97.595564358974357]	[30.242495666666667, -97.595564358974357]	[30.252178256410257, -97.595564358974357]	[30.261860846153848, -97.595564358974357]	[30.271543435897435, -97.595564358974357]	[30.281226025641026, -97.595564358974357]	[30.290908615384616, -97.595564358974357]	[30.300591205128207, -97.595564358974357]	[30.310273794871794, -97.595564358974357]	[30.319956384615384, -97.595564358974357]	[30.329638974358975, -97.595564358974357]	[30.339321564102566, -97.595564358974357]	[30.349004153846153, -97.595564358974357]	[30.358686743589743, -97.595564358974357]	[30.368369333333334, -97.595564358974357]	[30.378051923076924, -97.595564358974357]	[30.387734512820515, -97.595564358974357]	[30.397417102564102, -97.595564358974357]	[30.407099692307693, -97.595564358974357]	[30.416782282051283, -97.595564358974357]	[30.426464871794874, -97.595564358974357]	[30.436147461538461, -97.595564358974357]	[30.445830051282051, -97.595564358974357]	[30.455512641025642, -97.595564358974357]	[30.465195230769233, -97.595564358974357]	[30.47487782051282, -97.595564358974357]	[30.48456041025641, -97.595564358974357]	[30.494243000000001, -97.595564358974357]
[30.116622, -97.586902076923081]	[30.12630458974359, -97.586902076923081]	[30.135987179487181, -97.586902076923081]	[30.145669769230768, -97.586902076923081]	[30.155352358974358, -97.586902076923081]	[30.165034948717949, -97.586902076923081]	[30.17471753846154, -97.586902076923081]	[30.184400128205127, -97.586902076923081]	[30.194082717948717, -97.586902076923081]	[30.203765307692308, -97.586902076923081]	[30.213447897435898, -97.586902076923081]	[30.223130487179485, -97.586902076923081]	[30.232813076923076, -97.586902076923081]	[30.242495666666667, -97.586902076923081]	[30.252178256410257, -97.586902076923081]	[30.261860846153848, -97.586902076923081]	[30.271543435897435, -97.586902076923081]	[30.281226025641026, -97.586902076923081]	[30.290908615384616, -97.586902076923081]	[30.300591205128207, -97.586902076923081]	[30.310273794871794, -97.586902076923081]	[30.319956384615384, -97.586902076923081]	[30.329638974358975, -97.586902076923081]	[30.339321564102566, -97.586902076923081]	[30.349004153846153, -97.586902076923081]	[30.358686743589743, -97.586902076923081]	[30.368369333333334, -97.586902076923081]	[30.378051923076924, -97.586902076923081]	[30.387734512820515, -97.586902076923081]	[30.397417102564102, -97.586902076923081]	[30.407099692307693, -97.586902076923081]	[30.416782282051283, -97.586902076923081]	[30.426464871794874, -97.586902076923081]	[30.436147461538461, -97.586902076923081]	[30.445830051282051, -97.586902076923081]	[30.455512641025642, -97.586902076923081]	[30.465195230769233, -97.586902076923081]	[30.47487782051282, -97.586902076923081]	[30.48456041025641, -97.586902076923081]	[30.494243000000001, -97.586902076923081]
[30.116622, -97.578239794871791]	[30.12630458974359, -97.578239794871791]	[30.135987179487181, -97.578239794871791]	[30.145669769230768, -97.578239794871791]	[30.155352358974358, -97.578239794871791]	[30.165034948717949, -97.578239794871791]	[30.17471753846154, -97.578239794871791]	[30.184400128205127, -97.578239794871791]	[30.194082717948717, -97.578239794871791]	[30.203765307692308, -97.578239794871791]	[30.213447897435898, -97.578239794871791]	[30.223130487179485, -97.578239794871791]	[30.232813076923076, -97.578239794871791]	[30.242495666666667, -97.578239794871791]	[30.252178256410257, -97.578239794871791]	[30.261860846153848, -97.578239794871791]	[30.271543435897435, -97.578239794871791]	[30.281226025641026, -97.578239794871791]	[30.290908615384616, -97.578239794871791]	[30.300591205128207, -97.578239794871791]	[30.310273794871794, -97.578239794871791]	[30.319956384615384, -97.578239794871791]	[30.329638974358975, -97.578239794871791]	[30.339321564102566, -97.578239794871791]	[30.349004153846153, -97.578239794871791]	[30.358686743589743, -97.578239794871791]	[30.368369333333334, -97.578239794871791]	[30.378051923076924, -97.578239794871791]	[30.387734512820515, -97.578239794871791]	[30.397417102564102, -97.578239794871791]	[30.407099692307693, -97.578239794871791]	[30.416782282051283, -97.578239794871791]	[30.426464871794874, -97.578239794871791]	[30.436147461538461, -97.578239794871791]	[30.445830051282051, -97.578239794871791]	[30.455512641025642, -97.578239794871791]	[30.465195230769233, -97.578239794871791]	[30.47487782051282, -97.578239794871791]	[30.48456041025641, -97.578239794871791]	[30.494243000000001, -97.578239794871791]
[30.116622, -97.569577512820516]	[30.12630458974359, -97.569577512820516]	[30.135987179487181, -97.569577512820516]	[30.145669769230768, -97.569577512820516]	[30.155352358974358, -97.569577512820516]	[30.165034948717949, -97.569577512820516]	[30.17471753846154, -97.569577512820516]	[30.184400128205127, -97.569577512820516]	[30.194082717948717, -97.569577512820516]	[30.203765307692308, -97.569577512820516]	[30.213447897435898, -97.569577512820516]	[30.223130487179485, -97.569577512820516]	[30.232813076923076, -97.569577512820516]	[30.242495666666667, -97.569577512820516]	[30.252178256410257, -97.569577512820516]	[30.261860846153848, -97.569577512820516]	[30.271543435897435, -97.569577512820516]	[30.281226025641026, -97.569577512820516]	[30.290908615384616, -97.569577512820516]	[30.300591205128207, -97.569577512820516]	[30.310273794871794, -97.569577512820516]	[30.319956384615384, -97.569577512820516]	[30.329638974358975, -97.569577512820516]	[30.339321564102566, -97.569577512820516]	[30.349004153846153, -97.569577512820516]	[30.358686743589743, -97.569577512820516]	[30.368369333333334, -97.569577512820516]	[30.378051923076924, -97.569577512820516]	[30.387734512820515, -97.569577512820516]	[30.397417102564102, -97.569577512820516]	[30.407099692307693, -97.569577512820516]	[30.416782282051283, -97.569577512820516]	[30.426464871794874, -97.569577512820516]	[30.436147461538461, -97.569577512820516]	[30.445830051282051, -97.569577512820516]	[30.455512641025642, -97.569577512820516]	[30.465195230769233, -97.569577512820516]	[30.47487782051282, -97.569577512820516]	[30.48456041025641, -97.569577512820516]	[30.494243000000001, -97.569577512820516]
[30.116622, -97.56091523076924]	[30.12630458974359, -97.56091523076924]	[30.135987179487181, -97.56091523076924]	[30.145669769230768, -97.56091523076924]	[30.155352358974358, -97.56091523076924]	[30.165034948717949, -97.56091523076924]	[30.17471753846154, -97.56091523076924]	[30.184400128205127, -97.56091523076924]	[30.194082717948717, -97.56091523076924]	[30.203765307692308, -97.56091523076924]	[30.213447897435898, -97.56091523076924]	[30.223130487179485, -97.56091523076924]	[30.232813076923076, -97.56091523076924]	[30.242495666666667, -97.56091523076924]	[30.252178256410257, -97.56091523076924]	[30.261860846153848, -97.56091523076924]	[30.271543435897435, -97.56091523076924]	[30.281226025641026, -97.56091523076924]	[30.290908615384616, -97.56091523076924]	[30.300591205128207, -97.56091523076924]	[30.310273794871794, -97.56091523076924]	[30.319956384615384, -97.56091523076924]	[30.329638974358975, -97.56091523076924]	[30.339321564102566, -97.56091523076924]	[30.349004153846153, -97.56091523076924]	[30.358686743589743, -97.56091523076924]	[30.368369333333334, -97.56091523076924]	[30.378051923076924, -97.56091523076924]	[30.387734512820515, -97.56091523076924]	[30.397417102564102, -97.56091523076924]	[30.407099692307693, -97.56091523076924]	[30.416782282051283, -97.56091523076924]	[30.426464871794874, -97.56091523076924]	[30.436147461538461, -97.56091523076924]	[30.445830051282051, -97.56091523076924]	[30.455512641025642, -97.56091523076924]	[30.465195230769233, -97.56091523076924]	[30.47487782051282, -97.56091523076924]	[30.48456041025641, -97.56091523076924]	[30.494243000000001, -97.56091523076924]
[30.116622, -97.55225294871795]	[30.12630458974359, -97.55225294871795]	[30.135987179487181, -97.55225294871795]	[30.145669769230768, -97.55225294871795]	[30.155352358974358, -97.55225294871795]	[30.165034948717949, -97.55225294871795]	[30.17471753846154, -97.55225294871795]	[30.184400128205127, -97.55225294871795]	[30.194082717948717, -97.55225294871795]	[30.203765307692308, -97.55225294871795]	[30.213447897435898, -97.55225294871795]	[30.223130487179485, -97.55225294871795]	[30.232813076923076, -97.55225294871795]	[30.242495666666667, -97.55225294871795]	[30.252178256410257, -97.55225294871795]	[30.261860846153848, -97.55225294871795]	[30.271543435897435, -97.55225294871795]	[30.281226025641026, -97.55225294871795]	[30.290908615384616, -97.55225294871795]	[30.300591205128207, -97.55225294871795]	[30.310273794871794, -97.55225294871795]	[30.319956384615384, -97.55225294871795]	[30.329638974358975, -97.55225294871795]	[30.339321564102566, -97.55225294871795]	[30.349004153846153, -97.55225294871795]	[30.358686743589743, -97.55225294871795]	[30.368369333333334, -97.55225294871795]	[30.378051923076924, -97.55225294871795]	[30.387734512820515, -97.55225294871795]	[30.397417102564102, -97.55225294871795]	[30.407099692307693, -97.55225294871795]	[30.416782282051283, -97.55225294871795]	[30.426464871794874, -97.55225294871795]	[30.436147461538461, -97.55225294871795]	[30.445830051282051, -97.55225294871795]	[30.455512641025642, -97.55225294871795]	[30.465195230769233, -97.55225294871795]	[30.47487782051282, -97.55225294871795]	[30.48456041025641, -97.55225294871795]	[30.494243000000001, -97.55225294871795]
[30.116622, -97.543590666666674]	[30.12630458974359, -97.543590666666674]	[30.135987179487181, -97.543590666666674]	[30.145669769230768, -97.543590666666674]	[30.155352358974358, -97.543590666666674]	[30.165034948717949, -97.543590666666674]	[30.17471753846154, -97.543590666666674]	[30.184400128205127, -97.543590666666674]	[30.194082717948717, -97.543590666666674]	[30.203765307692308, -97.543590666666674]	[30.213447897435898, -97.543590666666674]	[30.223130487179485, -97.543590666666674]	[30.232813076923076, -97.543590666666674]	[30.242495666666667, -97.543590666666674]	[30.252178256410257, -97.543590666666674]	[30.261860846153848, -97.543590666666674]	[30.271543435897435, -97.543590666666674]	[30.281226025641026, -97.543590666666674]	[30.290908615384616, -97.543590666666674]	[30.300591205128207, -97.543590666666674]	[30.310273794871794, -97.543590666666674]	[30.319956384615384, -97.543590666666674]	[30.329638974358975, -97.543590666666674]	[30.339321564102566, -97.543590666666674]	[30.349004153846153, -97.543590666666674]	[30.358686743589743, -97.543590666666674]	[30.368369333333334, -97.543590666666674]	[30.378051923076924, -97.543590666666674]	[30.387734512820515, -97.543590666666674]	[30.397417102564102, -97.543590666666674]	[30.407099692307693, -97.543590666666674]	[30.416782282051283, -97.543590666666674]	[30.426464871794874, -97.543590666666674]	[30.436147461538461, -97.543590666666674]	[30.445830051282051, -97.543590666666674]	[30.455512641025642, -97.543590666666674]	[30.465195230769233, -97.543590666666674]	[30.47487782051282, -97.543590666666674]	[30.48456041025641, -97.543590666666674]	[30.494243000000001, -97.543590666666674]
[30.116622, -97.534928384615384]	[30.12630458974359, -97.534928384615384]	[30.135987179487181, -97.534928384615384]	[30.145669769230768, -97.534928384615384]	[30.155352358974358, -97.534928384615384]	[30.165034948717949, -97.534928384615384]	[30.17471753846154, -97.534928384615384]	[30.184400128205127, -97.534928384615384]	[30.194082717948717, -97.534928384615384]	[30.203765307692308, -97.534928384615384]	[30.213447897435898, -97.534928384615384]	[30.223130487179485, -97.534928384615384]	[30.232813076923076, -97.534928384615384]	[30.242495666666667, -97.534928384615384]	[30.252178256410257, -97.534928384615384]	[30.261860846153848, -97.534928384615384]	[30.271543435897435, -97.534928384615384]	[30.281226025641026, -97.534928384615384]	[30.290908615384616, -97.534928384615384]	[30.300591205128207, -97.534928384615384]	[30.310273794871794, -97.534928384615384]	[30.319956384615384, -97.534928384615384]	[30.329638974358975, -97.534928384615384]	[30.339321564102566, -97.534928384615384]	[30.349004153846153, -97.534928384615384]	[30.358686743589743, -97.534928384615384]	[30.368369333333334, -97.534928384615384]	[30.378051923076924, -97.534928384615384]	[30.387734512820515, -97.534928384615384]	[30.397417102564102, -97.534928384615384]	[30.407099692307693, -97.534928384615384]	[30.416782282051283, -97.534928384615384]	[30.426464871794874, -97.534928384615384]	[30.436147461538461, -97.534928384615384]	[30.445830051282051, -97.534928384615384]	[30.455512641025642, -97.534928384615384]	[30.465195230769233, -97.534928384615384]	[30.47487782051282, -97.534928384615384]	[30.48456041025641, -97.534928384615384]	[30.494243000000001, -97.534928384615384]
[30.116622, -97.526266102564108]	[30.12630458974359, -97.526266102564108]	[30.135987179487181, -97.526266102564108]	[30.145669769230768, -97.526266102564108]	[30.155352358974358, -97.526266102564108]	[30.165034948717949, -97.526266102564108]	[30.17471753846154, -97.526266102564108]	[30.184400128205127, -97.526266102564108]	[30.194082717948717, -97.526266102564108]	[30.203765307692308, -97.526266102564108]	[30.213447897435898, -97.526266102564108]	[30.223130487179485, -97.526266102564108]	[30.232813076923076, -97.526266102564108]	[30.242495666666667, -97.526266102564108]	[30.252178256410257, -97.526266102564108]	[30.261860846153848, -97.526266102564108]	[30.271543435897435, -97.526266102564108]	[30.281226025641026, -97.526266102564108]	[30.290908615384616, -97.526266102564108]	[30.300591205128207, -97.526266102564108]	[30.310273794871794, -97.526266102564108]	[30.319956384615384, -97.526266102564108]	[30.329638974358975, -97.526266102564108]	[30.339321564102566, -97.526266102564108]	[30.349004153846153, -97.526266102564108]	[30.358686743589743, -97.526266102564108]	[30.368369333333334, -97.526266102564108]	[30.378051923076924, -97.526266102564108]	[30.387734512820515, -97.526266102564108]	[30.397417102564102, -97.526266102564108]	[30.407099692307693, -97.526266102564108]	[30.416782282051283, -97.526266102564108]	[30.426464871794874, -97.526266102564108]	[30.436147461538461, -97.526266102564108]	[30.445830051282051, -97.526266102564108]	[30.455512641025642, -97.526266102564108]	[30.465195230769233, -97.526266102564108]	[30.47487782051282, -97.526266102564108]	[30.48456041025641, -97.526266102564108]	[30.494243000000001, -97.526266102564108]
[30.116622, -97.517603820512818]	[30.12630458974359, -97.517603820512818]	[30.135987179487181, -97.517603820512818]	[30.145669769230768, -97.517603820512818]	[30.155352358974358, -97.517603820512818]	[30.165034948717949, -97.517603820512818]	[30.17471753846154, -97.517603820512818]	[30.184400128205127, -97.517603820512818]	[30.194082717948717, -97.517603820512818]	[30.203765307692308, -97.517603820512818]	[30.213447897435898, -97.517603820512818]	[30.223130487179485, -97.517603820512818]	[30.232813076923076, -97.517603820512818]	[30.242495666666667, -97.517603820512818]	[30.252178256410257, -97.517603820512818]	[30.261860846153848, -97.517603820512818]	[30.271543435897435, -97.517603820512818]	[30.281226025641026, -97.517603820512818]	[30.290908615384616, -97.517603820512818]	[30.300591205128207, -97.517603820512818]	[30.310273794871794, -97.517603820512818]	[30.319956384615384, -97.517603820512818]	[30.329638974358975, -97.517603820512818]	[30.339321564102566, -97.517603820512818]	[30.349004153846153, -97.517603820512818]	[30.358686743589743, -97.517603820512818]	[30.368369333333334, -97.517603820512818]	[30.378051923076924, -97.517603820512818]	[30.387734512820515, -97.517603820512818]	[30.397417102564102, -97.517603820512818]	[30.407099692307693, -97.517603820512818]	[30.416782282051283, -97.517603820512818]	[30.426464871794874, -97.517603820512818]	[30.436147461538461, -97.517603820512818]	[30.445830051282051, -97.517603820512818]	[30.455512641025642, -97.517603820512818]	[30.465195230769233, -97.517603820512818]	[30.47487782051282, -97.517603820512818]	[30.48456041025641, -97.517603820512818]	[30.494243000000001, -97.517603820512818]
[30.116622, -97.508941538461542]	[30.12630458974359, -97.508941538461542]	[30.135987179487181, -97.508941538461542]	[30.145669769230768, -97.508941538461542]	[30.155352358974358, -97.508941538461542]	[30.165034948717949, -97.508941538461542]	[30.17471753846154, -97.508941538461542]	[30.184400128205127, -97.508941538461542]	[30.194082717948717, -97.508941538461542]	[30.203765307692308, -97.508941538461542]	[30.213447897435898, -97.508941538461542]	[30.223130487179485, -97.508941538461542]	[30.232813076923076, -97.508941538461542]	[30.242495666666667, -97.508941538461542]	[30.252178256410257, -97.508941538461542]	[30.261860846153848, -97.508941538461542]	[30.271543435897435, -97.508941538461542]	[30.281226025641026, -97.508941538461542]	[30.290908615384616, -97.508941538461542]	[30.300591205128207, -97.508941538461542]	[30.310273794871794, -97.508941538461542]	[30.319956384615384, -97.508941538461542]	[30.329638974358975, -97.508941538461542]	[30.339321564102566, -97.508941538461542]	[30.349004153846153, -97.508941538461542]	[30.358686743589743, -97.508941538461542]	[30.368369333333334, -97.508941538461542]	[30.378051923076924, -97.508941538461542]	[30.387734512820515, -97.508941538461542]	[30.397417102564102, -97.508941538461542]	[30.407099692307693, -97.508941538461542]	[30.416782282051283, -97.508941538461542]	[30.426464871794874, -97.508941538461542]	[30.436147461538461, -97.508941538461542]	[30.445830051282051, -97.508941538461542]	[30.455512641025642, -97.508941538461542]	[30.465195230769233, -97.508941538461542]	[30.47487782051282, -97.508941538461542]	[30.48456041025641, -97.508941538461542]	[30.494243000000001, -97.508941538461542]
[30.116622, -97.500279256410252]	[30.12630458974359, -97.500279256410252]	[30.135987179487181, -97.500279256410252]	[30.145669769230768, -97.500279256410252]	[30.155352358974358, -97.500279256410252]	[30.165034948717949, -97.500279256410252]	[30.17471753846154, -97.500279256410252]	[30.184400128205127, -97.500279256410252]	[30.194082717948717, -97.500279256410252]	[30.203765307692308, -97.500279256410252]	[30.213447897435898, -97.500279256410252]	[30.223130487179485, -97.500279256410252]	[30.232813076923076, -97.500279256410252]	[30.242495666666667, -97.500279256410252]	[30.252178256410257, -97.500279256410252]	[30.261860846153848, -97.500279256410252]	[30.271543435897435, -97.500279256410252]	[30.281226025641026, -97.500279256410252]	[30.290908615384616, -97.500279256410252]	[30.300591205128207, -97.500279256410252]	[30.310273794871794, -97.500279256410252]	[30.319956384615384, -97.500279256410252]	[30.329638974358975, -97.500279256410252]	[30.339321564102566, -97.500279256410252]	[30.349004153846153, -97.500279256410252]	[30.358686743589743, -97.500279256410252]	[30.368369333333334, -97.500279256410252]	[30.378051923076924, -97.500279256410252]	[30.387734512820515, -97.500279256410252]	[30.397417102564102, -97.500279256410252]	[30.407099692307693, -97.500279256410252]	[30.416782282051283, -97.500279256410252]	[30.426464871794874, -97.500279256410252]	[30.436147461538461, -97.500279256410252]	[30.445830051282051, -97.500279256410252]	[30.455512641025642, -97.500279256410252]	[30.465195230769233, -97.500279256410252]	[30.47487782051282, -97.500279256410252]	[30.48456041025641, -97.500279256410252]	[30.494243000000001, -97.500279256410252]
[30.116622, -97.491616974358976]	[30.12630458974359, -97.491616974358976]	[30.135987179487181, -97.491616974358976]	[30.145669769230768, -97.491616974358976]	[30.155352358974358, -97.491616974358976]	[30.165034948717949, -97.491616974358976]	[30.17471753846154, -97.491616974358976]	[30.184400128205127, -97.491616974358976]	[30.194082717948717, -97.491616974358976]	[30.203765307692308, -97.491616974358976]	[30.213447897435898, -97.491616974358976]	[30.223130487179485, -97.491616974358976]	[30.232813076923076, -97.491616974358976]	[30.242495666666667, -97.491616974358976]	[30.252178256410257, -97.491616974358976]	[30.261860846153848, -97.491616974358976]	[30.271543435897435, -97.491616974358976]	[30.281226025641026, -97.491616974358976]	[30.290908615384616, -97.491616974358976]	[30.300591205128207, -97.491616974358976]	[30.310273794871794, -97.491616974358976]	[30.319956384615384, -97.491616974358976]	[30.329638974358975, -97.491616974358976]	[30.339321564102566, -97.491616974358976]	[30.349004153846153, -97.491616974358976]	[30.358686743589743, -97.491616974358976]	[30.368369333333334, -97.491616974358976]	[30.378051923076924, -97.491616974358976]	[30.387734512820515, -97.491616974358976]	[30.397417102564102, -97.491616974358976]	[30.407099692307693, -97.491616974358976]	[30.416782282051283, -97.491616974358976]	[30.426464871794874, -97.491616974358976]	[30.436147461538461, -97.491616974358976]	[30.445830051282051, -97.491616974358976]	[30.455512641025642, -97.491616974358976]	[30.465195230769233, -97.491616974358976]	[30.47487782051282, -97.491616974358976]	[30.48456041025641, -97.491616974358976]	[30.494243000000001, -97.491616974358976]
[30.116622, -97.4829546923077]	[30.12630458974359, -97.4829546923077]	[30.135987179487181, -97.4829546923077]	[30.145669769230768, -97.4829546923077]	[30.155352358974358, -97.4829546923077]	[30.165034948717949, -97.4829546923077]	[30.17471753846154, -97.4829546923077]	[30.184400128205127, -97.4829546923077]	[30.194082717948717, -97.4829546923077]	[30.203765307692308, -97.4829546923077]	[30.213447897435898, -97.4829546923077]	[30.223130487179485, -97.4829546923077]	[30.232813076923076, -97.4829546923077]	[30.242495666666667, -97.4829546923077]	[30.252178256410257, -97.4829546923077]	[30.261860846153848, -97.4829546923077]	[30.271543435897435, -97.4829546923077]	[30.281226025641026, -97.4829546923077]	[30.290908615384616, -97.4829546923077]	[30.300591205128207, -97.4829546923077]	[30.310273794871794, -97.4829546923077]	[30.319956384615384, -97.4829546923077]	[30.329638974358975, -97.4829546923077]	[30.339321564102566, -97.4829546923077]	[30.349004153846153, -97.4829546923077]	[30.358686743589743, -97.4829546923077]	[30.368369333333334, -97.4829546923077]	[30.378051923076924, -97.4829546923077]	[30.387734512820515, -97.4829546923077]	[30.397417102564102, -97.4829546923077]	[30.407099692307693, -97.4829546923077]	[30.416782282051283, -97.4829546923077]	[30.426464871794874, -97.4829546923077]	[30.436147461538461, -97.4829546923077]	[30.445830051282051, -97.4829546923077]	[30.455512641025642, -97.4829546923077]	[30.465195230769233, -97.4829546923077]	[30.47487782051282, -97.4829546923077]	[30.48456041025641, -97.4829546923077]	[30.494243000000001, -97.4829546923077]
[30.116622, -97.47429241025641]	[30.12630458974359, -97.47429241025641]	[30.135987179487181, -97.47429241025641]	[30.145669769230768, -97.47429241025641]	[30.155352358974358, -97.47429241025641]	[30.165034948717949, -97.47429241025641]	[30.17471753846154, -97.47429241025641]	[30.184400128205127, -97.47429241025641]	[30.194082717948717, -97.47429241025641]	[30.203765307692308, -97.47429241025641]	[30.213447897435898, -97.47429241025641]	[30.223130487179485, -97.47429241025641]	[30.232813076923076, -97.47429241025641]	[30.242495666666667, -97.47429241025641]	[30.252178256410257, -97.47429241025641]	[30.261860846153848, -97.47429241025641]	[30.271543435897435, -97.47429241025641]	[30.281226025641026, -97.47429241025641]	[30.290908615384616, -97.47429241025641]	[30.300591205128207, -97.47429241025641]	[30.310273794871794, -97.47429241025641]	[30.319956384615384, -97.47429241025641]	[30.329638974358975, -97.47429241025641]	[30.339321564102566, -97.47429241025641]	[30.349004153846153, -97.47429241025641]	[30.358686743589743, -97.47429241025641]	[30.368369333333334, -97.47429241025641]	[30.378051923076924, -97.47429241025641]	[30.387734512820515, -97.47429241025641]	[30.397417102564102, -97.47429241025641]	[30.407099692307693, -97.47429241025641]	[30.416782282051283, -97.47429241025641]	[30.426464871794874, -97.47429241025641]	[30.436147461538461, -97.47429241025641]	[30.445830051282051, -97.47429241025641]	[30.455512641025642, -97.47429241025641]	[30.465195230769233, -97.47429241025641]	[30.47487782051282, -97.47429241025641]	[30.48456041025641, -97.47429241025641]	[30.494243000000001, -97.47429241025641]
[30.116622, -97.465630128205134]	[30.12630458974359, -97.465630128205134]	[30.135987179487181, -97.465630128205134]	[30.145669769230768, -97.465630128205134]	[30.155352358974358, -97.465630128205134]	[30.165034948717949, -97.465630128205134]	[30.17471753846154, -97.465630128205134]	[30.184400128205127, -97.465630128205134]	[30.194082717948717, -97.465630128205134]	[30.203765307692308, -97.465630128205134]	[30.213447897435898, -97.465630128205134]	[30.223130487179485, -97.465630128205134]	[30.232813076923076, -97.465630128205134]	[30.242495666666667, -97.465630128205134]	[30.252178256410257, -97.465630128205134]	[30.261860846153848, -97.465630128205134]	[30.271543435897435, -97.465630128205134]	[30.281226025641026, -97.465630128205134]	[30.290908615384616, -97.465630128205134]	[30.300591205128207, -97.465630128205134]	[30.310273794871794, -97.465630128205134]	[30.319956384615384, -97.465630128205134]	[30.329638974358975, -97.465630128205134]	[30.339321564102566, -97.465630128205134]	[30.349004153846153, -97.465630128205134]	[30.358686743589743, -97.465630128205134]	[30.368369333333334, -97.465630128205134]	[30.378051923076924, -97.465630128205134]	[30.387734512820515, -97.465630128205134]	[30.397417102564102, -97.465630128205134]	[30.407099692307693, -97.465630128205134]	[30.416782282051283, -97.465630128205134]	[30.426464871794874, -97.465630128205134]	[30.436147461538461, -97.465630128205134]	[30.445830051282051, -97.465630128205134]	[30.455512641025642, -97.465630128205134]	[30.465195230769233, -97.465630128205134]	[30.47487782051282, -97.465630128205134]	[30.48456041025641, -97.465630128205134]	[30.494243000000001, -97.465630128205134]
[30.116622, -97.456967846153844]	[30.12630458974359, -97.456967846153844]	[30.135987179487181, -97.456967846153844]	[30.145669769230768, -97.456967846153844]	[30.155352358974358, -97.456967846153844]	[30.165034948717949, -97.456967846153844]	[30.17471753846154, -97.456967846153844]	[30.184400128205127, -97.456967846153844]	[30.194082717948717, -97.456967846153844]	[30.203765307692308, -97.456967846153844]	[30.213447897435898, -97.456967846153844]	[30.223130487179485, -97.456967846153844]	[30.232813076923076, -97.456967846153844]	[30.242495666666667, -97.456967846153844]	[30.252178256410257, -97.456967846153844]	[30.261860846153848, -97.456967846153844]	[30.271543435897435, -97.456967846153844]	[30.281226025641026, -97.456967846153844]	[30.290908615384616, -97.456967846153844]	[30.300591205128207, -97.456967846153844]	[30.310273794871794, -97.456967846153844]	[30.319956384615384, -97.456967846153844]	[30.329638974358975, -97.456967846153844]	[30.339321564102566, -97.456967846153844]	[30.349004153846153, -97.456967846153844]	[30.358686743589743, -97.456967846153844]	[30.368369333333334, -97.456967846153844]	[30.378051923076924, -97.456967846153844]	[30.387734512820515, -97.456967846153844]	[30.397417102564102, -97.456967846153844]	[30.407099692307693, -97.456967846153844]	[30.416782282051283, -97.456967846153844]	[30.426464871794874, -97.456967846153844]	[30.436147461538461, -97.456967846153844]	[30.445830051282051, -97.456967846153844]	[30.455512641025642, -97.456967846153844]	[30.465195230769233, -97.456967846153844]	[30.47487782051282, -97.456967846153844]	[30.48456041025641, -97.456967846153844]	[30.494243000000001, -97.456967846153844]
[30.116622, -97.448305564102569]	[30.12630458974359, -97.448305564102569]	[30.135987179487181, -97.448305564102569]	[30.145669769230768, -97.448305564102569]	[30.155352358974358, -97.448305564102569]	[30.165034948717949, -97.448305564102569]	[30.17471753846154, -97.448305564102569]	[30.184400128205127, -97.448305564102569]	[30.194082717948717, -97.448305564102569]	[30.203765307692308, -97.448305564102569]	[30.213447897435898, -97.448305564102569]	[30.223130487179485, -97.448305564102569]	[30.232813076923076, -97.448305564102569]	[30.242495666666667, -97.448305564102569]	[30.252178256410257, -97.448305564102569]	[30.261860846153848, -97.448305564102569]	[30.271543435897435, -97.448305564102569]	[30.281226025641026, -97.448305564102569]	[30.290908615384616, -97.448305564102569]	[30.300591205128207, -97.448305564102569]	[30.310273794871794, -97.448305564102569]	[30.319956384615384, -97.448305564102569]	[30.329638974358975, -97.448305564102569]	[30.339321564102566, -97.448305564102569]	[30.349004153846153, -97.448305564102569]	[30.358686743589743, -97.448305564102569]	[30.368369333333334, -97.448305564102569]	[30.378051923076924, -97.448305564102569]	[30.387734512820515, -97.448305564102569]	[30.397417102564102, -97.448305564102569]	[30.407099692307693, -97.448305564102569]	[30.416782282051283, -97.448305564102569]	[30.426464871794874, -97.448305564102569]	[30.436147461538461, -97.448305564102569]	[30.445830051282051, -97.448305564102569]	[30.455512641025642, -97.448305564102569]	[30.465195230769233, -97.448305564102569]	[30.47487782051282, -97.448305564102569]	[30.48456041025641, -97.448305564102569]	[30.494243000000001, -97.448305564102569]
[30.116622, -97.439643282051279]	[30.12630458974359, -97.439643282051279]	[30.135987179487181, -97.439643282051279]	[30.145669769230768, -97.439643282051279]	[30.155352358974358, -97.439643282051279]	[30.165034948717949, -97.439643282051279]	[30.17471753846154, -97.439643282051279]	[30.184400128205127, -97.439643282051279]	[30.194082717948717, -97.439643282051279]	[30.203765307692308, -97.439643282051279]	[30.213447897435898, -97.439643282051279]	[30.223130487179485, -97.439643282051279]	[30.232813076923076, -97.439643282051279]	[30.242495666666667, -97.439643282051279]	[30.252178256410257, -97.439643282051279]	[30.261860846153848, -97.439643282051279]	[30.271543435897435, -97.439643282051279]	[30.281226025641026, -97.439643282051279]	[30.290908615384616, -97.439643282051279]	[30.300591205128207, -97.439643282051279]	[30.310273794871794, -97.439643282051279]	[30.319956384615384, -97.439643282051279]	[30.329638974358975, -97.439643282051279]	[30.339321564102566, -97.439643282051279]	[30.349004153846153, -97.439643282051279]	[30.358686743589743, -97.439643282051279]	[30.368369333333334, -97.439643282051279]	[30.378051923076924, -97.439643282051279]	[30.387734512820515, -97.439643282051279]	[30.397417102564102, -97.439643282051279]	[30.407099692307693, -97.439643282051279]	[30.416782282051283, -97.439643282051279]	[30.426464871794874, -97.439643282051279]	[30.436147461538461, -97.439643282051279]	[30.445830051282051, -97.439643282051279]	[30.455512641025642, -97.439643282051279]	[30.465195230769233, -97.439643282051279]	[30.47487782051282, -97.439643282051279]	[30.48456041025641, -97.439643282051279]	[30.494243000000001, -97.439643282051279]
[30.116622, -97.430981000000003]	[30.12630458974359, -97.430981000000003]	[30.135987179487181, -97.430981000000003]	[30.145669769230768, -97.430981000000003]	[30.155352358974358, -97.430981000000003]	[30.165034948717949, -97.430981000000003]	[30.17471753846154, -97.430981000000003]	[30.184400128205127, -97.430981000000003]	[30.194082717948717, -97.430981000000003]	[30.203765307692308, -97.430981000000003]	[30.213447897435898, -97.430981000000003]	[30.223130487179485, -97.430981000000003]	[30.232813076923076, -97.430981000000003]	[30.242495666666667, -97.430981000000003]	[30.252178256410257, -97.430981000000003]	[30.261860846153848, -97.430981000000003]	[30.271543435897435, -97.430981000000003]	[30.281226025641026, -97.430981000000003]	[30.290908615384616, -97.430981000000003]	[30.300591205128207, -97.430981000000003]	[30.310273794871794, -97.430981000000003]	[30.319956384615384, -97.430981000000003]	[30.329638974358975, -97.430981000000003]	[30.339321564102566, -97.430981000000003]	[30.349004153846153, -97.430981000000003]	[30.358686743589743, -97.430981000000003]	[30.368369333333334, -97.430981000000003]	[30.378051923076924, -97.430981000000003]	[30.387734512820515, -97.430981000000003]	[30.397417102564102, -97.430981000000003]	[30.407099692307693, -97.430981000000003]	[30.416782282051283, -97.430981000000003]	[30.426464871794874, -97.430981000000003]	[30.436147461538461, -97.430981000000003]	[30.445830051282051, -97.430981000000003]	[30.455512641025642, -97.430981000000003]	[30.465195230769233, -97.430981000000003]	[30.47487782051282, -97.430981000000003]	[30.48456041025641, -97.430981000000003]	[30.494243000000001, -97.430981000000003]
